retailer_id,source_id,retailer_name
RETa0fa6f9c,SRC00000001,Amazon.co.uk - Amazon.co.uk-Seller
RET2dc18368,SRC00000001,Dolphin Fitness
RET0ad38a55,SRC00000001,Amazon.co.uk
RETd0241f94,SRC00000001,Boots.com
RET100de238,SRC00000001,Tesco
RET6003a530,SRC00000001,Friendly Soap
RET0aa3e2c2,SRC00000001,Only Curls
RETcce16833,SRC00000001,Discount Dragon
RET8ce345ae,SRC00000001,North Laine Hair Company
RET6c06f88c,SRC00000001,Holland & Barrett
RETd727216d,SRC00000001,The Scottish Fine Soaps Company
RET46100c4f,SRC00000001,HEIMA
RET6ac55fa5,SRC00000001,Cult Beauty
RETa2b176ea,SRC00000001,Collectables - Junction 32
RET20c40eed,SRC00000001,The Earthling Co.
RET0f11defc,SRC00000001,Bare Bar
RET73f7c3d6,SRC00000001,LUSH
RETb27cc288,SRC00000001,Ethical Superstore
RET608351c8,SRC00000001,The Highland Soap Company
RET9edfdf8b,SRC00000001,New Dawn Organic Skin and Hair Care
RETf5b28a6c,SRC00000001,Superdrug.com
RET28253998,SRC00000001,eBay
RET510fb6e8,SRC00000001,BigGreenSmile.com
RETceb0aaa8,SRC00000001,Salon Services
RET42e2b1ed,SRC00000001,Buddha & Bubbles Soap Co
RET7e04650c,SRC00000001,Cosma Parfumeries
RET58e62e09,SRC00000001,Know The Origin
RETf4bf3041,SRC00000001,Soul and Soap
RET9db3f2b6,SRC00000001,grüum
RET7e6e9c9f,SRC00000001,The Dartmoor Skincare Company
RETae67e2fb,SRC00000001,Boozyshop
RETf965f523,SRC00000001,Bloom In Soap
RET33801aa1,SRC00000001,medino
RETd333684a,SRC00000001,wideye.co.uk
RET9b63be40,SRC00000001,Approved Food
RET38ef123e,SRC00000001,KIND2
RET7fb51180,SRC00000001,Simply Soaperior
RET0afd6d77,SRC00000001,Roots Vegan Skincare
RETf74c1730,SRC00000001,Pak Cosmetic Centre
RETcd67d3d9,SRC00000001,The Soap People
RET74c4a538,SRC00000001,Ecco-Verde.co.uk
RETf78d55e5,SRC00000001,fruugo.co.uk
RETf3153ed5,SRC00000001,eBay - mastersconi
RET88db6c73,SRC00000001,Horace
RET366046d4,SRC00000001,Luxurious Look
RETc7875360,SRC00000001,EkoFace
RET77aefeb0,SRC00000001,The Green Turtle
RET5d405dd5,SRC00000001,Notino.co.uk
RETe784f364,SRC00000001,Peace With The Wild
RETd4bf8a3a,SRC00000001,Simply Essential
RETcbb9bd1f,SRC00000001,eBay - attractc
RETb8a109aa,SRC00000001,Face&Co
RETb87b6a76,SRC00000001,Dook
RET4c22149e,SRC00000001,Debenhams
RET9c5a5248,SRC00000001,Shaba
RET69b7560a,SRC00000001,Naturitas
RET35dc2264,SRC00000001,Hairlust
RET820a9fe9,SRC00000001,eBay - vibrantandvogue
RET11be1768,SRC00000001,Bloom & Brew
RETe13fda08,SRC00000001,Silkrute
RET56a9d438,SRC00000001,Panier des Sens
RETadf2d557,SRC00000001,John Bell & Croyden
RET5803397d,SRC00000001,eBay - huaruishop
RETff985096,SRC00000001,Independent Design Collective
RET0a20c13d,SRC00000001,mypure.co.uk
RET5b2225bc,SRC00000001,eBay - cutpricepharmacy
RET8a84b8a8,SRC00000001,GoSupps Beauty
RETaee6c0db,SRC00000001,Proshave.com
RETc08019dc,SRC00000001,Babi Pur
RETa19252d9,SRC00000001,Sheffield Skincare Company
RET30daad7b,SRC00000001,Replenhair
RETa4ecb460,SRC00000001,Salon Trusted
RET8fd7e9f5,SRC00000001,Opentip.com
RETbf709635,SRC00000001,thesoapshackuk.com
RET3f9be74e,SRC00000001,Rainbow Life
RETb20ba64c,SRC00000001,An'du
RET17b13068,SRC00000001,FFS Beauty UK
RET68fa91aa,SRC00000001,eBay - gudz_uk
RET5f2dd032,SRC00000001,Naiga Naturals
RETcb316d50,SRC00000001,British Chemist
RETb75e7196,SRC00000001,The Suffolk Soap Co.
RETb21ee708,SRC00000001,Weigh and Pay
RET698feada,SRC00000001,Health Emporium
RET00d1df6a,SRC00000001,Cerqular
RET6c121457,SRC00000001,eBay - marks-india
RETca7df247,SRC00000001,lovetob.co.uk
RET1278eddc,SRC00000001,Urban Makers
RET8ca90483,SRC00000001,Shared Earth
RET167d09c6,SRC00000001,Droyt's Glycerine Soap
RET6c716fb7,SRC00000001,Violey
RETcfa76bb3,SRC00000001,Myssyfarmi
RETeba5daf4,SRC00000001,The green jungle beauty shop
RETc295ba5e,SRC00000001,eBay - putonbeautyy
RET277c6d2f,SRC00000001,eBay - hcala4
RETee715bcb,SRC00000001,Green Laurels
RET0a36db63,SRC00000001,Soul Inspired Gifts
RETac86dfe3,SRC00000001,Henry Street Collective
RET19a51e60,SRC00000001,Perfumes Club UK
RET28fde7a3,SRC00000001,Superfly Soap
RET3f29849e,SRC00000001,Appleton Soap Company
RET91f058e2,SRC00000001,British Essentials
RET85f9b619,SRC00000001,Old Guys Rule
RET0a66f3e5,SRC00000001,bio-naturel.de
RET14868074,SRC00000001,eBay - the*gift*pot
RET2f016cde,SRC00000001,ECO 21
RET419c20ca,SRC00000001,eBay - greensummer
RETd3a15998,SRC00000001,eBay - yongyindww
RET07169fd5,SRC00000001,Shiffa Home
RET524a049c,SRC00000001,Kiyo Beauty
RET41629b11,SRC00000001,Grace & Favour Home
RETf3335b84,SRC00000001,KinKind
RET4db88ba7,SRC00000001,Bare and Bloom
RETece654dc,SRC00000001,The Dartmoor Soap Company
RETe2176146,SRC00000001,Hairy Jayne
RET7faf29f8,SRC00000001,Manandshaving
RET0274b852,SRC00000001,eBay - goldenwings
RET7e037096,SRC00000001,Wild Sage + Co
RET74964625,SRC00000001,eBay - yinqiangyinqiang
RET3fda77c2,SRC00000001,pure-keratin.com
RET0848b2e0,SRC00000001,eBay - ustietreat
RET95d05221,SRC00000001,eBay - londys
RETead97294,SRC00000001,Skinsli
RETbdaf19a8,SRC00000001,Soin et Nature
RET8eccac4c,SRC00000001,Moquer.com
RET12a99f77,SRC00000001,eBay - pinkstar
RET8eb7db6e,SRC00000001,eBay - pelican-la
RET634a783c,SRC00000001,Snapklik.com
RETb7dd7048,SRC00000001,eBay - fullhouseer
RETfc54235c,SRC00000001,Ubuy
RET9e03748f,SRC00000001,eBay - retailrisers
RET99cb1f07,SRC00000001,eBay - cravecrave
RETd07baa04,SRC00000001,eBay - yoramdav
RETcd853f64,SRC00000001,The Evolution
RET5c224222,SRC00000001,Inspire Uplift
RET8f5ef790,SRC00000001,eBay - champage
RETaf7fa99a,SRC00000001,eBay - onebioshopcom
RETa5435b3c,SRC00000001,eBay - rbinternational
RETfc590674,SRC00000001,Direct Cosmetics
RET8def06f1,SRC00000001,Online Pound Store
RETe876f4d6,SRC00000001,Battle Green
RET6efa5192,SRC00000001,Ethique GB
RET283501d6,SRC00000001,Ocado
RET7b23c592,SRC00000001,Mighty Plants
RETd8d204ab,SRC00000001,Washla
RET3922bcfe,SRC00000001,Folk Soap
RETf8394131,SRC00000001,Marigold Charms
RET10113932,SRC00000001,The Glow Company
RET3252bc51,SRC00000001,Vove
RET4c6e3d55,SRC00000001,Justmylook
RETda72338f,SRC00000001,Wild Grove
RET10dede4e,SRC00000001,Scent and Colour Boutique
RETb770276d,SRC00000001,Pure Anada Boutique - Morden
RETdf60b0b2,SRC00000001,The Natural Spa Cosmetics
RETe620ab64,SRC00000001,Arcade Skincare
RETec220d52,SRC00000001,Lily M Beauty
RET352b6a91,SRC00000001,New Zealand Nature - UK
RETb592d442,SRC00000001,HealthPost.co.nz
RET8a24641c,SRC00000001,The Yorkshire Soap Company
RET9cf65adc,SRC00000001,Foxyavenue
RETe55aa808,SRC00000001,REGN
RET84858b44,SRC00000001,Kitsch
RET05ea0228,SRC00000001,Dee's Shed
RET7fa95ea4,SRC00000001,De Unique Fragrance
RETb5a6b75a,SRC00000001,Original Organics
RETee7b1a0e,SRC00000001,Green Room Body Co.
RET80f0677f,SRC00000001,eBay - dnkcmay20
RET4a8b5047,SRC00000001,Earthfare Eco Supermarket
RETa2978cb7,SRC00000001,OnBuy.com
RET4b356c26,SRC00000001,Finnish Design Shop
RETd5eee281,SRC00000001,www.thecotswoldecocompany.co.uk
RET9959051e,SRC00000001,Salontotal.co.uk
RETdf3d4306,SRC00000001,Etsy - NaturalWisdomSpa
RET97a33f4c,SRC00000001,Not On The High Street
RETa3702f28,SRC00000001,Plastic Freedom
RET21d1cbbe,SRC00000001,Fox & Marsh - Eco Dorset
RET98ba2f15,SRC00000001,Eco Bee
RETb250bdb3,SRC00000001,Local Boom Gift Shop
RET2956aa97,SRC00000001,London Loves Beauty
RET0f42dae7,SRC00000001,Sage Folk
RET6157113e,SRC00000001,Tranquility Aromatherapy
RET4e411b48,SRC00000001,Footway OaaS AB
RETe51be02d,SRC00000001,BirdseyBelizaire
RET13fac792,SRC00000001,eBay - skisresale
RET1b81029d,SRC00000001,m'Chel Haircare
RET9d116568,SRC00000001,Bean and Bee
RET883d8773,SRC00000001,Etsy
RETc4b82a0d,SRC00000001,Nourished Life
RET8bf5762c,SRC00000001,Live in the Light
RET3fe9e7c6,SRC00000001,Herbishh
RET21ad7c37,SRC00000001,Zer0 Exeter
RET3c180a74,SRC00000001,eBay - lism_7223
RETf2fe2ed7,SRC00000001,eBay - angel_naturals
RET69be7975,SRC00000001,Hella Good Henna
RET28405013,SRC00000001,Wharfedale Soaps
RETc88e7163,SRC00000001,eBay - mega-green
RET23cf4549,SRC00000001,Earthly
RETead98a40,SRC00000001,G Grace & Son
RET1bf4814d,SRC00000001,Connemara Seaweed
RET81454877,SRC00000001,Soap Daze
RET4c2f2a32,SRC00000001,The Good Lyfe
RET8c9d77ff,SRC00000001,Guardian Angel Naturals
RETa88d0954,SRC00000001,Havens Treasures
RET20e55e02,SRC00000001,Sage & Sill
RET27555afb,SRC00000001,Refill It
RETac708d55,SRC00000001,eBay - morganicsbeauty
RET971a6408,SRC00000001,OneBioShop
RET67242551,SRC00000001,Sassy Organics
RETff57f2a1,SRC00000001,Cheeks Ahoy
RET6a6c572a,SRC00000001,Ita's Natural Essentials
RET31a706bd,SRC00000001,eBay - sportsinside
RETf0fc19d9,SRC00000001,Salt + Steam
RETe37a7c80,SRC00000001,Makeup.uk
RET209b1f2d,SRC00000001,SIA Sunny Factory
RET8e170552,SRC00000001,Mountain Dreads
RET71016a8e,SRC00000001,Etsy - TheNaturalSpa
RET3c762c5f,SRC00000001,Bee Haven Bodycare & Gifts
RETc372eb18,SRC00000001,nirvana.by.nichola
RET7e67dcbc,SRC00000001,Zero Store
RET4c2f5a6b,SRC00000001,thegreenhouseripon.com
RET164120ee,SRC00000001,Lion Dreadlocks
RET8a794bdf,SRC00000001,Anniepooh
RETf2730f22,SRC00000001,Slater Cosmetics
RETde2603b9,SRC00000001,The Wee Bits
RET21c19d21,SRC00000001,Sinceris
RET87e5449e,SRC00000001,Riwaya
RETb60306d4,SRC00000001,The Ordinary
RET76f8dd70,SRC00000001,Home Bargains
RET92813e6a,SRC00000001,John Lewis & Partners
RET0ca34c97,SRC00000001,Moores of Coleraine
RET4a2d1f22,SRC00000001,Estee Lauder
RET99ce75a7,SRC00000001,TK Maxx
RET802e6cb5,SRC00000001,La Roche-Posay Official Website
RET772b6cef,SRC00000001,uk.byoma.com
RETbf8f89da,SRC00000001,The Inkey List
RET0469dc71,SRC00000001,No7 Beauty
RETfd69987d,SRC00000001,Skinsider
RETdba4fbfd,SRC00000001,Clinique
RETb341dc11,SRC00000001,Stylevana UK
RET1e093def,SRC00000001,Revolution Beauty
RET90893039,SRC00000001,LOOKFANTASTIC
RETa5c0d32d,SRC00000001,Clarins UK
RET7e68a10f,SRC00000001,Waitrose & Partners
RETa8389e6d,SRC00000001,Space NK
RET256f34a0,SRC00000001,Dr Barbara Sturm
RET96a5e37d,SRC00000001,Neal's Yard Remedies
RETcca059a5,SRC00000001,Typology
RETf17b58c6,SRC00000001,Drunk Elephant UK
RETe030495a,SRC00000001,Beauty Pie
RETf7df5a10,SRC00000001,Medik8
RET5fad4bc1,SRC00000001,UpCircle Beauty
RET8978b75f,SRC00000001,HydroPeptide UK
RETd353c648,SRC00000001,The Ilex Wood
RET7e67dd22,SRC00000001,Charlotte Tilbury
RETd503187e,SRC00000001,Dēpology
RET5278ef6e,SRC00000001,Seacret Spa
RETb4cb7aea,SRC00000001,Editors Pick
RET4dfc62b0,SRC00000001,M&S
RETab630509,SRC00000001,Give Me Cosmetics UK
RET4915386c,SRC00000001,Good Molecules
RETcf88d1b5,SRC00000001,BEAUTY BAY
RET94795bdf,SRC00000001,Elizabeth Arden UK
RET50abc310,SRC00000001,Millies.ie
RET59d167a6,SRC00000001,Plant Therapy
RET17a4bdf6,SRC00000001,Face Facts
RET0fdba963,SRC00000001,Paula's Choice UK
RETb5d4b52d,SRC00000001,Mitchell Brands
RETdec588c4,SRC00000001,Liz Earle
RET1db65c23,SRC00000001,The French Pharmacy
RETd46db8dc,SRC00000001,Dr Elif Benar
RET0fef5a3f,SRC00000001,Perfume-Click.co.uk
RET6a133265,SRC00000001,Dr Sebagh
RETa898eb44,SRC00000001,Tatcha UK
RET59bbfef4,SRC00000001,AlumierMD UK
RET72f122f7,SRC00000001,benecos
RET62cefcae,SRC00000001,Cosmetify
RET15593ac2,SRC00000001,Boost Lab
RET36fc0ef9,SRC00000001,Emma Lewisham UK
RET7d2bd180,SRC00000001,yepoda-uk
RETb25e1d97,SRC00000001,This is Beauty - US
RET7074f258,SRC00000001,Caia Cosmetics UK
RETa3e74527,SRC00000001,Distacart
RET797de6f3,SRC00000001,Mirenesse
RETc59a2a8e,SRC00000001,iHerb
RETef37aa80,SRC00000001,Korean Skincare UK
RET3f3af130,SRC00000001,Tan Touch Tanning
RETf3b698cc,SRC00000001,eBay - skyje-57
RET8817468b,SRC00000001,Medpak | Healthy Choice
RETe7754b78,SRC00000001,skinsapiens.com
RET51be6f69,SRC00000001,Wilko
RET13b9bac9,SRC00000001,Argos
RET19c87dc4,SRC00000001,Polhill Garden Centre
RET39b2315c,SRC00000001,Evolve Organic Beauty
RET14a5582b,SRC00000001,Nala's Baby
RETb427742b,SRC00000001,parfumdreams.co.UK
RETb080fc57,SRC00000001,The Soap Sisters
RET506cb1bf,SRC00000001,Lissa's Naturally Nourishing
RET4d5a0043,SRC00000001,tarte cosmetics
RET9957777a,SRC00000001,Naturallythinking pure spa aromatherapy
RET27b35a25,SRC00000001,Spa Ceylon UK
RET718a23b0,SRC00000001,The Creamerie
RET3e957069,SRC00000001,50-ml.co.uk
RET8444dfc9,SRC00000001,sainsburys.co.uk
RET36ce3b4e,SRC00000001,Welsh Herbs
RET6c50ca8d,SRC00000001,Naturally Balmy
RETb47f2581,SRC00000001,Into The Eve
RETb227f20a,SRC00000001,Olive Roe
RETc64803cd,SRC00000001,Ziaja Online
RET1f40b54e,SRC00000001,damnfynesoap
RET5e5f8d9f,SRC00000001,The B Collection
RET10ac3d04,SRC00000001,Next
RETb1f99401,SRC00000001,jklondon.com
RETe1e605e4,SRC00000001,I Love Cosmetics
RET0817808c,SRC00000001,SBC Skincare
RETe865a299,SRC00000001,The Soap Kitchen
RETd0b04d02,SRC00000001,natrl skincare
RETd42cd0a6,SRC00000001,tnbl.co.uk
RET8de8e57a,SRC00000001,Freedom Cosmetics
RET2778a05d,SRC00000001,apothespa.co.uk
RETfcdc4d88,SRC00000001,TheSoapery
RETa61df756,SRC00000001,BAVE
RET18889d2a,SRC00000001,Nurify Skin
RET18848e14,SRC00000001,W7 Cosmetics
RETa1d74672,SRC00000001,Counter Culture Store
RETdfedb711,SRC00000001,HighBorn London
RETcd928480,SRC00000001,Be Kind Beauty
RET7f1079e8,SRC00000001,cosmeterie.co.uk
RET3c8a79aa,SRC00000001,eBay - jmn8966
RET57e2f728,SRC00000001,Vedaoils UK
RET178fbe9f,SRC00000001,eBay - mirra.n.me
RET3313ff15,SRC00000001,Clamanti.co.uk
RET53fe891a,SRC00000001,israel catalog
RETbad33f7a,SRC00000001,Kindred Earth
RET5d1eb52d,SRC00000001,QVC UK
RET0b1d1060,SRC00000001,Essence of Argan
RET49c5a5f6,SRC00000001,Organics.com
RET7be7ed4a,SRC00000001,eBay - shopcrownhouse
RET8f64430c,SRC00000001,Afro Pride
RET2afbfdee,SRC00000001,My Little French Pharmacie
RET17431c73,SRC00000001,SweetCare
RETd3867419,SRC00000001,eBay - jo-murra
RET2d7f1e63,SRC00000001,eBay - nimmall
RET2cfe660f,SRC00000001,Lakeland Baa
RET1c635070,SRC00000001,eBay - generous.spirit.gifts
RET432e676d,SRC00000001,eBay - runwaybeautystore
RETcc3f63c5,SRC00000001,eBay - scout1254
RET4b19f509,SRC00000001,eBay - anatkorin
RETad7abd09,SRC00000001,biogo.de
RET09a80f63,SRC00000001,Herbal Dynasty
RET65431492,SRC00000001,eBay - adelp23
RET571f3142,SRC00000001,eBay - livingessentials_23
RET51c0b695,SRC00000001,Baorri for body and mind
RETf264db53,SRC00000001,Naissance UK
RET61c4f901,SRC00000001,eBay - saimbhi3464
RETdf81c4e2,SRC00000001,eBay - mr-coffee-beans
RET67652ea2,SRC00000001,VitaPoint
RET5dca56b7,SRC00000001,GAIA Skincare
RET72e79480,SRC00000001,eBay - dailyessentialstore
RETb6363d00,SRC00000001,eBay - damselontherocks
RET8e3e83a8,SRC00000001,eBay - checkmystores
RET9e937cfd,SRC00000001,Freshskin Beauty
RETfd5c57f2,SRC00000001,eBay - zorilus7
RETff839bc3,SRC00000001,Pharmeden
RETb16a990f,SRC00000001,naydaya.com
RET0e0dbc54,SRC00000001,Adjoaa
RET968ed78e,SRC00000001,eBay - snackcake32
RET2384b424,SRC00000001,eBay - medinasian
RETca77f7df,SRC00000001,eBay - 2011pavelelloco
RET9e5c8b32,SRC00000001,eBay - 3c_topstore
RETe3cdec2b,SRC00000001,Herbkart.com
RET3ba3596e,SRC00000001,eBay - past_presents_hub
